ID,Section,Control,Base,ITEM,DESCRIPTION,MSRP 25,Notes,Requires,Link
E1,Base,DDR,EM,PNG50162-1,EasyStand Evolv Medium,2409,,,
E2,Base,DDR,EL,PNG50084-1,EasyStand Evolv Large,2409,,,
E3,Base,DDR,EX,PNG50209-1,EasyStand Evolv XT,2409,,,
E4,Base,CB,EX,PNG50377,Extra Tall Configuration,1464,,PNG502-9,
E5,,Lable,Lift Mechanisms-must select one,,,,,,
E6,Lift Mechanisms,DDR,"EM, GM",PNG50113,Hydraulic Pump,0,,PNG50162-1,
E7,Lift Mechanisms,DDR,"EL, GL",PNG50009,Hydraulic Pump,0,,PNG50084-1,
E8,Lift Mechanisms,DDR,EX,PNG50320,Hydraulic Pump,0,,PNG50209-1,
E9,,Lable,Manual Hydraulic Actuator Handle Location,,,,,,
E10,Manual Hydraulic Actuator Handle Location,DDR,"EL, EM, EX, GL, GM",PNG50059,Pump Handle Right Side,0,,,
E11,Manual Hydraulic Actuator Handle Location,DDR,"EL, EM, EX, GL, GM",PNG50126,Pump Handle Left Side,0,,,
E12,,Lable,Manual Hydraulic Actuator Handle Accessories,,,,,,
E13,Manual Hydraulic Actuator Handle Location,DDR,"EL, EM, EX, GL, GM",PNG50328,Adjustable/Removable Actuator Handle,257,,,
E14,Manual Hydraulic Actuator Handle Accessories,DDR,"BM, BS, BX, EL, EM, EX, GL, GM, SS",PNG50260,Straight Pump Handle Extension,0,,"PNG50059, PNG50126, PNG50328",
E15,Manual Hydraulic Actuator Handle Accessories,DDR,"BM, BS, BX, EL, EM, EX, GL, GM, SS",PNG50044,Quad Grip Handle Extension,278,,"PNG50059, PNG50126, PNG50328",
E16,Manual Hydraulic Actuator Handle Accessories,DDR,"BM, BS, BX, EL, EM, EX, GL, GM, SS",PNG50070,T-Style Handle Extension,174,,"PNG50059, PNG50126, PNG50328",
E17,,Lable,Power Up,,,,,,
E18,Lift Mechanisms,DDR,"EL, EM, GL, GM",PNG50010,Pow'r Up Lift,1419,,,
E19,Lift Mechanisms,DDR,EX,PNG50321,Pow'r Up Lift,1419,,,
E20,Plugs,DDR,,P600400,US /Japan Power Plug,,Default,"PNG50321, PNG50010",
E21,Plugs,DDR,,P600401,U.K Power Plug,,,"PNG50321, PNG50010",
E22,Plugs,DDR,,P600402,Australian Power Plug,,,"PNG50321, PNG50010",
E23,Plugs,DDR,,P600403,European Power Plug,,,"PNG50321, PNG50010",
E24,,Lable,Front Frames and Trays,,,,,,
E25,,Lable,Shadow Tray Frame-back required*,,,,,,
E26,Shadow Tray Frame,DDR,"EL, EM",PNG51042R,Swing Away Front for Shadow Tray with Wheels,655,,,
E27,Shadow Tray Frame,DDR,"EL, EM",PNG51042L,Swing Away Front for Shadow Tray with Wheels,655,,,
E28,Shadow Tray Frame,DDR,"EL, EM",PNG51044R,Swing Away Front for Shadow Tray with Swivel Casters,855,,,
E29,Shadow Tray Frame,DDR,"EL, EM",PNG51044L,Swing Away Front for Shadow Tray with Swivel Casters,855,,,
E30,Shadow Tray Frame,DDR,"EL, EM",PNG51050,Column Front for Shadow Tray with Wheels,571,,,
E31,Shadow Tray Frame,DDR,EX,PNG51054,Column Front for Shadow Tray with Wheels,571,,,
E32,Shadow Tray Frame,DDR,"EL, EM",PNG51052,Column Front for Shadow Tray with Swivel Casters,618,,,
E33,Shadow Tray Frame,DDR,EX,PNG51056,Column Front for Shadow Tray with Swivel Casters,618,,,
E34,,Lable,Shadow Tray*,,,,,,
E35,Shadow Tray,DDR,"EL, EM, EX",PNG50515,Black Molded Adjustable Shadow Tray,1593,,"PNG51042R, PNG51042L, PNG51044R, PNG51044L, PNG51050, PNG51054, PNG51052, PNG51063",
E36,Shadow Tray,DDR,"EL, EM, EX",PNG50517,Clear Adjustable Shadow Tray,1778,,"PNG51042R, PNG51042L, PNG51044R, PNG51044L, PNG51050, PNG51054, PNG51052, PNG51063",
E37,Shadow Tray,DDR,"EL, EM, EX",PNG50537,Black Molded Adjustable Shadow Tray - Left,1593,,"PNG51042R, PNG51042L, PNG51044R, PNG51044L, PNG51050, PNG51054, PNG51052, PNG51063",
E38,Shadow Tray,DDR,"EL, EM, EX",PNG50538,Clear Adjustable Shadow Tray - Left,1778,,"PNG51042R, PNG51042L, PNG51044R, PNG51044L, PNG51050, PNG51054, PNG51052, PNG51063",
E39,,Lable,Swing-Away Frame*,,,,,,
E40,Swing-Away Frame,DDR,"EL, EM",PNG51046R,Swing Away Front for Tall Tray with Wheels,938,,,
E41,Swing-Away Frame,DDR,"EL, EM",PNG51046L,Swing Away Front for Tall Tray with Wheels,938,,,
E42,Swing-Away Frame,DDR,"EL, EM",PNG51048R,Swing Away Front for Tall Tray with Swivel Casters,1139,,,
E43,Swing-Away Frame,DDR,"EL, EM",PNG51048L,Swing Away Front for Tall Tray with Swivel Casters,1139,,,
E44,,Lable,Swing-Away Tray*,,,,,,
E45,Swing-Away Tray,DDR,"EL, EM",PNG50418-1,Black Molded Tray for Swing Away Front,660,,"PNG51046R, PNG51046L, PNG51048R, PNG51048L",
E46,Swing-Away Tray,DDR,"EL, EM",PNG50456-1,Clear Tray for Swing Away Front,849,,"PNG51046R, PNG51046L, PNG51048R, PNG51048L",
E47,Swing-Away Tray,DDR,"EL, EM",PNG50458-1,Oversized Clear Tray for Swing Away Front,1005,,"PNG51046R, PNG51046L, PNG51048R, PNG51048L",
E48,Swing-Away Tray,DDR,"EL, EM",PNG50490-1,Black Molded Angle Adjustable Tray for Swing Away Front,1052,,"PNG51046R, PNG51046L, PNG51048R, PNG51048L",
E49,Swing-Away Tray,DDR,"EL, EM",PNG50489-1,Clear Angle Adjustable Tray for Swing Away Front,1234,,"PNG51046R, PNG51046L, PNG51048R, PNG51048L",
E50,Swing-Away Tray,DDR,"EL, EM",PNG50491-1,Oversized Angle Adjustable Tray for Swing Away Front,1388,,"PNG51046R, PNG51046L, PNG51048R, PNG51048L",
E51,,Lable,Column Frame*,,,,,,
E52,Column Frame,DDR,"EL, EM",PNG51051,Column Front with Wheels,647,,,
E53,Column Frame,DDR,EX,PNG51055,Column Front with Wheels,647,,,
E54,Column Frame,DDR,"EL, EM",PNG51053,Column Front with Swivel Casters,708,,,
E55,Column Frame,DDR,EX,PNG51057,Column Front with Swivel Casters,708,,,
E56,,Lable,Column Tray*,,,,,,
E57,Column Tray,DDR,"EL, EM, EX, SS",PNG50247-1,Black Molded Tray,660,,"PNG51051, PNG51055, PNG51053, PNG51057",
E58,Column Tray,DDR,"EL, EM, EX, SS",PNG50248-1,Clear Tray,849,,"PNG51051, PNG51055, PNG51053, PNG51058",
E59,Column Tray,DDR,"EL, EM, EX",PNG50194-1,Oversized Clear Tray,1005,,"PNG51051, PNG51055, PNG51053, PNG51059",
E60,Column Tray,DDR,"EL, EM, EX, SS",PNG50368-1,Black Molded Angle Adjustable Tray,1052,,"PNG51051, PNG51055, PNG51053, PNG51060",
E61,Column Tray,DDR,"EL, EM, EX, SS",PNG50366-1,Clear Angle Adjustable Tray,1234,,"PNG51051, PNG51055, PNG51053, PNG51061",
E62,,Lable,Mobile Frame*,,,,,,
E63,Mobile Frame,DDR,"EL, EM",PNG51059,Column with Mobile Option,2718,,,
E64,Mobile Frame,DDR,EX,PNG51058,Column with Mobile Option,2718,,,
E65,,Lable,Mobile Tray*,,,,,,
E66,Mobile Tray,DDR,"EL, EM, EX, SS",PNG50372-1,Clear Tray for Mobile,849,,"PNG51059, PNG51058",
E67,Mobile Tray,DDR,"EL, EM, EX, SS",PNG50327-1,Clear Angle Adjustable Tray for Mobile,1234,,"PNG51059, PNG51059",
E68,,Lable,Front Frames and Trays,,,,,,
E69,Tray Accessories,CB,"BM, BS, BX, EL, EM, EX, SS, Zprone2, Zprone1, Zmps1, Zmpstt1, Zmps2, Zmpstt2",PNG50042,Hand Grips,213,,"PNG50517, PNG50538, PNG50456-1, PNG50489-1, PNG50491-1, PNG50248-1, PNG50366-1, PNG50372-1, PNG50327-1",
E70,Tray Accessories,CB,"BM, EL, EM, EX, SS",PNG30295,Padded Tray Cover,255,,,
E71,,Lable,Chest Pad-must select one,,,,,,
E72,Chest Pad,DDR,"EL, EM, EX, SS",PNG30001,Medium Chest Pad,0,,,
E73,Chest Pad,DDR,"BM, EL, EM, EX, SS",PNG30000,Large Contoured Chest Pad,161,,,
E74,Chest Pad,DDR,"EL, EM, EX, SS",PNG50331,Large Contoured Adjustable Chest Pad,231,,,
E75,,Lable,Knee Pads-must select one,,,,,,
E76,Knee Pads,DDR,"EL, EM, EX",PNG50460-1,1-Piece Knee Pad,371,,"PNG51050, PNG51054, PNG51052, PNG51063, PNG51051, PNG51055, PNG51053, PNG51057",
E77,Knee Pads,DDR,"EL, EM, EX",PNG50384-1,Independent Knee Pads,917,,"PNG51050, PNG51054, PNG51052, PNG51063, PNG51051, PNG51055, PNG51053, PNG51058",
E78,Knee Pads,DDR,"EL, EM, EX",PNG50385-1,Independent Roho® Knee Pads,1054,,"PNG51050, PNG51054, PNG51052, PNG51063, PNG51051, PNG51055, PNG51053, PNG51059",
E79,Knee Pads,DDR,"EL, EM",PNG50424-1,1-Piece Knee Pad for Swing-Away Front,371,,"PNG51042R, PNG51042L, PNG51044R, PNG51044L, PNG51046R, PNG51046L, PNG51048R, PNG51048L",
E80,Knee Pads,DDR,"EL, EM",PNG50425-1,Independent Knee Pads for Swing-Away Front,917,,"PNG51042R, PNG51042L, PNG51044R, PNG51044L, PNG51046R, PNG51046L, PNG51048R, PNG51048L",
E81,Knee Pads,DDR,"EL, EM",PNG50426-1,Independent Roho® Knee Pads for Swing-Away Front,1054,,"PNG51042R, PNG51042L, PNG51044R, PNG51044L, PNG51046R, PNG51046L, PNG51048R, PNG51048L",
E82,Knee Pads,DDR,"EL, EM, EX",PNG50512,Independent Knee Pads for Mobile,917,,"PNG51059, PNG51058",
E83,Knee Pads,DDR,"EL, EM, EX",PNG50510,Independent Roho® Knee Pads for Mobile,1054,,"PNG51059, PNG51058",
E84,,Lable,Foot Plates-must select one,,,,,,
E85,Foot Plates,DDR,EM,PNG50355-1,Height Adjustable Foot Support,335,,,
E86,Foot Plates,DDR,EM,PNG50414,Multi-Adjustable Foot Support,373,,,
E87,Foot Plates,DDR,EL,PNG50391-1,Height Adjustable Foot Support,335,,,
E88,Foot Plates,DDR,EL,PNG50015-1,Multi-Adjustable Foot Support,373,,,
E89,Foot Plates,DDR,EX,PNG50278-1,Multi-Adjustable Foot Support,373,,,
E90,,Lable,Foot Plate Accessories,,,,,,
E91,Foot Plate Accessories,DDR,"EL, EM, EX, GL, GM, SS",PNG30030,"Foot Straps-15"" L",88,,,
E92,Foot Plate Accessories,DDR,"EL, EM, EX, GL, GM, SS, Zmps2, Zmpstt2, Zprone2",PNG50505,"Foot Straps - 21"" L",99,,,
E93,Foot Plate Accessories,DDR,"EL, EM, EX, GL, GM, SS",PNG30031,"Secure Foot Straps-15"" L",142,,,
E94,Foot Plate Accessories,DDR,"EL, EM, EX, GL, GM, SS, Zmps2, Zmpstt2, Zprone2",PNG50506,"Secure Foot Straps - 21"" L",153,,,
E95,,Lable,Seats-must select one,,,,,,
E96,Seats,DDR,EM,PNG30012-1,Planar Seat,381,,,
E97,Seats,DDR,EM,PNG30269,Transfer Seat,438,,,
E98,Seats,DDR,EM,PNG50324,Rotating Seat,647,,,
E99,Seats,DDR,EM,PNG30183,Seat with Roho® Insert,757,,,
E100,Seats,DDR,"EL, EX",PNG30006-1,Planar Seat,398,,,
E101,Seats,DDR,"EL, EX",PNG30270,Transfer Seat,454,,,
E102,Seats,DDR,"EL, EX",PNG50318,Rotating Seat,664,,,
E103,Seats,DDR,"EL, EX",PNG30023,Seat with Roho® Insert,772,,,
E104,,Lable,Seat Accessories,,,,,,
E105,Seat Accessories,CB,"BS, BX, EL, EM, GL, GM",PNG50499,Easy-Adjust Seat Depth,123,,,
E106,Seat Accessories,CB,EX,PNG50500,Easy-Adjust Seat Depth,123,,,
E107,,Lable,Pelvic Support,,,,,,
E108,Pelvic Support,DDR,"EL, EM, EX",PNG50161,"Hip Supports 10'-15"" range",409,,,
E109,Pelvic Support,DDR,"EL, EM, EX",PNG50198,"Hip Supports 12'-17"" range",409,,,
E110,Pelvic Support,DDR,"EL, EM, EX",PNG50518,"Hip Supports 17'-22"" range",409,,,
E111,Pelvic Support,DDR,"EL, EM, EX, GL, GM",PNG30029,"Velcro Positioning Hip Belt 26""-55""",88,,,
E112,Pelvic Support,DDR,"EL, EM, EX, GL, GM",PNG30306,"Velcro Positioning Hip Belt 38""-67""",99,,,
E113,Pelvic Support,DDR,"EL, EM, EX, GL, GM",PNG30028,"Positioning Belt with Airline Buckle 26""-55""",191,,,
E114,,Lable,Backs,,,,,,
E115,Backs,DDR,"EL, EM, EX, GL, GM",PNG50066,"Flat Back -15""H",750,,,
E116,Backs,DDR,"EL, EM, EX, GL, GM",PNG50067,"Flat Back -19""H",791,,,
E117,Backs,DDR,"EL, EM, EX, GL, GM",PNG50062,"Contoured Back -15""H",825,,,
E118,Backs,DDR,"EL, EM, EX, GL, GM",PNG50068,"Contoured Back -19""H",866,,,
E119,Backs,DDR,"EL, EM, EX, GL, GM",PNG50171,"Removable Flat Back -15""H",860,,,
E120,Backs,DDR,"EL, EM, EX, GL, GM",PNG50173,"Removable Flat Back -19""H",901,,,
E121,Backs,DDR,"EL, EM, EX, GL, GM",PNG50172,"Removable Contoured Back -15""H",935,,,
E122,Backs,DDR,"EL, EM, EX, GL, GM",PNG50174,"Removable Contoured Back -19""H",978,,,
E123,Backs,DDR,,PNG50445,No Back with Transfer Handles,,,,
E124,Backs,,,,Prepared for Back,,,,
E125,,Lable,Back Accessories,,,,,,
E126,Back Accessories,CB,,PNG50450,PNG50450 Std. Arm Rests,,,"PNG51046R, PNG51046L, PNG51048R, PNG51048L, PNG51051, PNG51055, PNG51053, PNG51057, PNG51059,  PNG51058",
E127,Back Accessories,DDR,,PNG20122,Std. 5pt. Knob,,,,
E128,Back Accessories,DDR,"EL, EM, EX, GL, GM",P600002,Back Angle Adjustment Wheel,169,,,
E129,Back Accessories,CB,"BS, BX, EL, EM, EX, GL, GM, Zprone2, Zprone1, Zmps1, Zmpstt1, Zmps2, Zmpstt2",P80246,Seat Angle Locator,44,,,
E130,,Lable,Chest Straps-back required,,,,,,
E131,Chest Straps,DDR,"EL, EM, EX, GL, GM",PNG50192,"Chest Strap -30""-46""",196,,,
E132,Chest Straps,DDR,"EL, EM, EX, GL, GM",PNG50193,"Chest Strap -34""-54""",206,,,
E133,Chest Straps,DDR,"EL, EM, EX, GL, GM",PNG50504,"Chest Strap -46""-66""",217,,,
E134,,Lable,Upper Body Support-back required,,,,,,
E135,,Lable,ATTENTION - ALL OPTIONS BELOW REQUIRE THE ACCESSORIES MOUNTING BRACKET,,,,,,
E136,Upper Body Support,CB,"EL, EM, EX, GL, GM",PNG50034,Accessories Mounting Bracket,104,,,
E137,Upper Body Support,CB,"EL, EM, EX, GL, GM",PNG11212,High Mount Chest Vest Bracket,89,,,
E138,,Lable,Chest Vests-back and accessories mounting bracket required,,,,,,
E139,Chest Vests,DDR,"BM, EL, EM, EX, GL, GM, Zmps2, Zmpstt2",PNG30170,"X-style Chest Vest-11"" L x 9.5"" W",334,,,
E140,Chest Vests,DDR,"BM, EL, EM, EX, GL, GM, Zmps2, Zmpstt2",PNG30056,"X-style Chest Vest- 14.5"" L X 10.5"" W",341,,,
E141,Chest Vests,DDR,"BM, EL, EM, EX, GL, GM, Zmps2, Zmpstt2",PNG30171,"Y-Style Chest Vest-17.5"" L X 11.5"" W",334,,,
E142,Chest Vests,DDR,"BM, EL, EM, EX, GL, GM, Zmps2, Zmpstt2",PNG30021,"Y-Style Chest Vest-20.5"" L X 12.5"" W",341,,,
E143,Chest Vests,DDR,"BM, BS, BX, EL, EM, EX, GL, GM, Zmpstt1, Zmps2, Zmps1, Zmpstt2",PNG30318,"Non-Stretch X-style Chest Vest-11"" L x 9.5"" W",386,,,
E144,Chest Vests,DDR,"BM, EL, EM, EX, GL, GM, Zmps2, Zmpstt2",PNG30322,"Non-Stretch X-style Chest Vest- 14.5"" L X 10.5"" W",393,,,
E145,Chest Vests,DDR,"BM, EL, EM, EX, GL, GM, Zmps2, Zmpstt2",PNG30320,"Non-Stretch Y-Style Chest Vest-17.5"" L X 11.5"" W",386,,,
E146,Chest Vests,DDR,"BM, EL, EM, EX, GL, GM, Zmps2, Zmpstt2",PNG30324,"Non-Stretch Y-Style Chest Vest-20.5"" L X 12.5"" W",393,,,
E147,,Lable,Lateral Supports-back and accessories mounting bracket required,,,,,,
E148,Lateral Supports,DDR,"EL, EM, EX, GL, GM",PNG50535,"Lateral Supports 8""-16.5""W Flat Pads",409,,PNG50034,
E149,Lateral Supports,DDR,"EL, EM, EX, GL, GM",PNG50536,"Lateral Supports 11""-19.5""W Flat Pads",409,,PNG50034,
E150,Lateral Supports,DDR,"EL, EM, EX, GL, GM",PNG50224,"Lateral Supports 8""-16.5""W Curved Pads",409,,PNG50034,
E151,Lateral Supports,DDR,"EL, EM, EX, GL, GM",PNG50176,"Lateral Supports 11""-19.5""W Curved Pads",409,,PNG50034,
E152,,Lable,Head Supports-back and accessories mounting bracket required,,,,,,
E153,Head Support,DDR,"EL, EM, EX, GL, GM",PNG50240,Head Support Short,445,,PNG50034,
E154,Head Support,DDR,"EL, EM, EX, GL, GM",PNG50037,Head Support Tall,455,,PNG50034,
E155,,Lable,Other Accessories,,,,,,
E156,Other Accesories,CB,"BM, EL, EM, EX, GL, GM",PNG50040,Push Handles,174,,PNG50034,
E157,Other Accesories,CB,"BM, BS, BX, EL, EM, EX, GL, GM, SS, Zprone2, Zprone1, Zmps1, Zmpstt1, Zmps2, Zmpstt2",P80809,Tool Pouch,31,,,